Site,Code,Country,Region,"Year of Identification (=date of final draft, or reviwed Version uploaded in the database)",note,Area (km2)
Area Protegida Municipal Orqui­deas del Encanto,,BOL: Bolivia,,01/08/2022 07:03,publish,NULL
Área Protegida Municipal Orquídeas del Encanto,BOLTIPA016,BOL: Bolivia,Ñuflo deChávez [Province],,no date in database,no info in database? 
Cerro Manomo,,BOL: Bolivia,,01/08/2022 07:07,publish,NULL
Cerro Manomó,BOLTIPA007,BOL: Bolivia,José Miguel de Velasco [Province],,no date in database,no info in database? 
Cerro Mutun,,BOL: Bolivia,,01/08/2022 07:11,publish,NULL
Cerro Mutún,BOLTIPA008,BOL: Bolivia,Germán Busch [Province],,no date in database,no info in database? 
Concepcion,,BOL: Bolivia,,01/08/2022 07:14,publish,NULL
Concepción,BOLTIPA018,BOL: Bolivia,Ñuflo deChávez [Province],,no date in database,no info in database? 
ElCarmen (Sendero ecologico),,BOL: Bolivia,,01/08/2022 07:16,publish,NULL
ElCarmen (Sendero ecológico),BOLTIPA017,BOL: Bolivia,Ñuflo deChávez [Province],,no date in database,no info in database? 
JardÃin Botanico Municipal de SantaCruz de la Sierra,,BOL: Bolivia,,01/08/2022 07:19,publish,NULL
Jardín Botánico Municipal de SantaCruz de la Sierra,BOLTIPA009,BOL: Bolivia,Andrés Ibañez [Province],,no date in database,no info in database? 
LagunaConcepcion,,BOL: Bolivia,,01/08/2022 07:21,publish,0
LagunaConcepción,BOLTIPA003,BOL: Bolivia,Chiquitos [Province],,no date in database,no info in database? 
Lajas delCarmen Rivero Torrez,,BOL: Bolivia,,01/08/2022 07:24,publish,NULL
Lajas delCarmen Rivero Tórrez,BOLTIPA006,BOL: Bolivia,Germán Busch [Province],,no date in database,no info in database? 
Lomerío,BOLTIPA001,BOL: Bolivia,Ñuflo deChávez [Province],,no date in database,no info in database? 
Lomerío,,BOL: Bolivia,,01/08/2022 07:27,publish,NULL
Parque Nacional Noel Kempff Mercado,BOLTIPA011,BOL: Bolivia,José Miguel de Velasco [Province],,no date in database,no info in database? 
Parque Nacional Noel Kempff Mercado,,BOL: Bolivia,,01/08/2022 07:41,publish,NULL
Reserva Forestal Bajo Paraguá,BOLTIPA012,BOL: Bolivia,José Miguel de Velasco y Ñuflo deChávez [Province],,no date in database,no info in database? 
Reserva Forestal Bajo Paraguá,,BOL: Bolivia,,01/08/2022 07:44,publish,NULL
Reserva Privada del Patrimonio Natural Arubai,BOLTIPA015,BOL: Bolivia,Andrés Ibáñez [Province],,no date in database,no info in database? 
Reserva Privada del Patrimonio Natural Arubai,,BOL: Bolivia,,01/08/2022 07:46,publish,NULL
Reserva Ríos Blanco y Negro (Perseverancia and Oquiriquia),BOLTIPA013,BOL: Bolivia,Guarayos and Ñuflo deChávez [Province],,no date in database,no info in database? 
Reserva Ríos Blanco y Negro (Perseverancia and Oquiriquia),,BOL: Bolivia,,01/08/2022 07:49,publish,NULL
"San Matías, ANMI San Matías",BOLTIPA005,BOL: Bolivia,"Ángel Sandoval, Germán Busch,Chiquitos y Velasco [Province]",,no date in database,no info in database? 
"San Matías, ANMI San Matías",,BOL: Bolivia,,01/08/2022 07:52,publish,NULL
San Miguelito (Montana y Pascana),BOLTIPA004,BOL: Bolivia,Ñuflo deChávez [Province],,no date in database,no info in database? 
SantaCruz La Vieja y bloque norte de San José deChiquitos,BOLTIPA014,BOL: Bolivia,Chiquitos [Province],,no date in database,no info in database? 
SantaCruz La Vieja y bloque norte de San José deChiquitos,,BOL: Bolivia,,01/08/2022 15:00,publish,NULL
Serranía de Ipias-Abayoy,BOLTIPA010,BOL: Bolivia,Chiquitos [Province],,no date in database,no info in database? 
Serranía de Ipias-Abayoy,,BOL: Bolivia,,01/08/2022 15:07,publish,NULL
Serranía deChiquitos,BOLTIPA002,BOL: Bolivia,Chiquitos [Province],,no date in database,no info in database? 
Serranía deChiquitos,,BOL: Bolivia,,01/08/2022 15:04,publish,NULL
Valles Secos de Río Abajo La Paz-Luribay,BOLTIPA019,BOL: Bolivia,Loayza [Province],,no date in database,no info in database? 
Anegada Island,BVITIPA001,BVI: British Virgin Islands,Anegada [Province],2019,Final Workshop ,
Anegada Island,,BVI: British Virgin Islands,,24/05/2021 10:25,publish,38
Beef Island and theChannel,BVITIPA002,BVI: British Virgin Islands,Beef Island [Province],2019,Final Workshop ,
Beef Island and theChannel,,BVI: British Virgin Islands,,24/05/2021 10:26,publish,4.1
Central Virgin Gorda,BVITIPA003,BVI: British Virgin Islands,Virgin Gorda [Province],2019,Final Workshop ,
Central Virgin Gorda,,BVI: British Virgin Islands,,24/05/2021 10:27,publish,7.8
Eastern Scrub Island,BVITIPA004,BVI: British Virgin Islands,Scrub Island [Province],2019,Final Workshop ,
Eastern Scrub Island,,BVI: British Virgin Islands,,24/05/2021 10:28,publish,0.72
Eastern Virgin Gorda,BVITIPA006,BVI: British Virgin Islands,Virgin Gorda [Province],2019,Final Workshop ,
Eastern Virgin Gorda,,BVI: British Virgin Islands,,24/05/2021 10:29,publish,2.67
Ginger Island,BVITIPA005,BVI: British Virgin Islands,Ginger [Province],2019,Final Workshop ,
Ginger Island,,BVI: British Virgin Islands,,24/05/2021 10:30,publish,0.99
Great Thatch Island,BVITIPA007,BVI: British Virgin Islands,Great Thatch [Province],2019,Final Workshop ,
Great Thatch Island,,BVI: British Virgin Islands,,24/05/2021 10:30,publish,1.14
Great Tobago Island,BVITIPA008,BVI: British Virgin Islands,Great Tobago [Province],2019,Final Workshop ,
Great Tobago Island,,BVI: British Virgin Islands,,24/05/2021 10:31,publish,0.95
Guana Island,BVITIPA009,BVI: British Virgin Islands,Guana [Province],2019,Final Workshop ,
Guana Island,,BVI: British Virgin Islands,,24/05/2021 10:32,publish,2.93
Hawks Nest,BVITIPA010,BVI: British Virgin Islands,Tortola [Province],2019,Final Workshop ,
Hawks Nest,,BVI: British Virgin Islands,,24/05/2021 10:33,publish,0.37
Mount Sage,BVITIPA011,BVI: British Virgin Islands,Tortola [Province],2019,Final Workshop ,
Mount Sage,,BVI: British Virgin Islands,,24/05/2021 10:34,publish,2.99
Norman Island,BVITIPA012,BVI: British Virgin Islands,Norman [Province],2019,Final Workshop ,
Norman Island,,BVI: British Virgin Islands,,24/05/2021 10:35,publish,2.45
Northeastern Jost Van Dyke,BVITIPA013,BVI: British Virgin Islands,Jost Van Dyke [Province],2019,Final Workshop ,
Northeastern Jost Van Dyke,,BVI: British Virgin Islands,,24/05/2021 10:36,publish,1.58
Northern GreatCamanoe,BVITIPA014,BVI: British Virgin Islands,GreatCamanoe [Province],2019,Final Workshop ,
Northern GreatCamanoe,,BVI: British Virgin Islands,,24/05/2021 10:36,publish,2.1
Paraquita Bay and Bar Bay,BVITIPA015,BVI: British Virgin Islands,Tortola [Province],2019,Final Workshop ,
Paraquita Bay and Bar Bay,,BVI: British Virgin Islands,,24/05/2021 10:40,publish,0.43
Prickly Pear Island,BVITIPA016,BVI: British Virgin Islands,Prickly Pear [Province],2019,Final Workshop ,
Prickly Pear Island,,BVI: British Virgin Islands,,24/05/2021 10:40,publish,0.72
Sabbath Hill,BVITIPA017,BVI: British Virgin Islands,Tortola [Province],2019,Final Workshop ,
Sabbath Hill,,BVI: British Virgin Islands,,24/05/2021 10:41,publish,0.66
Tortola North Shore,BVITIPA018,BVI: British Virgin Islands,Tortola [Province],2019,Final Workshop ,
Tortola North Shore,,BVI: British Virgin Islands,,24/05/2021 10:42,publish,2.31
FMU 09-025,x,CAM:Cameroon,South [Region],2023,Publication year,?
Akoakas Rock,CAM052,CMN:Cameroon,South [Region],2023,Publication year,?
Akoakas Rock,,CMN:Cameroon,,15/07/2022 10:51,publish,NULL
Akokndoué hill,CMNTIPA011,CMN:Cameroon,Centre [Region],2023,Publication year,1.6
Bakossi National Park,CMNTIPA027,CMN:Cameroon,Southwest [Region],2023,Publication year,293.2
Bakossi National Park,,CMN:Cameroon,,18/07/2022 08:38,publish,293.2
Bali Ngemba Forest,CMNTIPA004,CMN:Cameroon,Northwest [Region],2023,Publication year,20
Banyang Mbo Wildlife Sanctuary,CMNTIPA030,CMN:Cameroon,Southwest [Region],2023,Publication year,666
Banyang Mbo Wildlife Sanctuary,,CMN:Cameroon,,18/07/2022 08:47,publish,666
Bimbia BonadikomboCommunity Forest,CMNTIPA024,CMN:Cameroon,Southwest [Region],2023,Publication year,37.35
Bimbia BonadikomboCommunity Forest,,CMN:Cameroon,,18/07/2022 08:50,publish,37.35
Campo Ma'an National Park,CMNTIPA025,CMN:Cameroon,South [Region],2023,Publication year,2640.6
Campo Ma'an National Park,,CMN:Cameroon,,18/07/2022 08:54,publish,2640.6
Colline Nkol Tsia,x,CMN:Cameroon,South [Region],2023,Publication year,?
Colline Nkol Tsia,,CMN:Cameroon,,23/01/2025 15:50,publish,NULL
Dja Faunal reserve,CMNTIPA038,CMN:Cameroon,East and South [Region],2023,Publication year,6278
Dja Faunal reserve,,CMN:Cameroon,,18/07/2022 08:57,publish,6278
DomCommunity Forest,CMNTIPA006,CMN:Cameroon,Northwest [Region],2023,Publication year,4.5
DomCommunity Forest,,CMN:Cameroon,,18/07/2022 09:01,publish,4.5
Douala-Edea,CMNTIPA048,CMN:Cameroon,Littoral [Region],2023,Publication year,
Eastern MountCameroon,CMNTIPA041,CMN:Cameroon,Southwest [Region],2023,Publication year,178
Ebo Forest,CMNTIPA003,CMN:Cameroon,Littoral [Region],2023,Publication year,1423
Ebo Forest,,CMN:Cameroon,,14/12/2021 18:13,publish,1423
Edea Falls,CMNTIPA052,CMN:Cameroon,Littoral [Region],2023,Publication year,?
Idenau-BatokeCoastal forest,CMNTIPA042,CMN:Cameroon,Southwest [Region],2023,Publication year,114
Kom-Wum Forest Reserve,CMNTIPA020,CMN:Cameroon,Northwest [Region],2023,Publication year,117
Kom-Wum Forest Reserve,,CMN:Cameroon,,18/07/2022 09:26,publish,117
Korup National Park,CMNTIPA035,CMN:Cameroon,Southwest [Region],2023,Publication year,1873
Korup National Park,,CMN:Cameroon,,18/07/2022 09:29,publish,1873
Lake Barombi Mbo Forest Reserve,CMNTIPA032,CMN:Cameroon,Southwest [Region],2023,Publication year,9.26
Lake Barombi Mbo Forest Reserve,,CMN:Cameroon,,18/07/2022 09:33,publish,9.26
Lobe Falls,,CMN:Cameroon,,18/07/2022 09:36,publish,3.3
Lobé Falls,CMNTIPA016,CMN:Cameroon,South [Region],2023,Publication year,3.3
Lobéké National Park,CMNTIPA049,CMN:Cameroon,East [Region],2023,Publication year,2164
Lobéké National Park,,CMN:Cameroon,,18/07/2022 09:39,publish,2164
Massif des Mamelles,CMNTIPA026,CMN:Cameroon,South [Region],2023,Publication year,93
Massif des Mamelles,,CMN:Cameroon,,18/07/2022 09:42,publish,93
Mbam Minkom Hills,CMNTIPA008,CMN:Cameroon,Centre [Region],2023,Publication year,86
Mbam Minkom Hills,,CMN:Cameroon,,18/07/2022 09:44,publish,86
MbiCrater Lake,CMNTIPA017,CMN:Cameroon,Northwest [Region],2023,Publication year,5
MbiCrater Lake,,CMN:Cameroon,,18/07/2022 09:48,publish,32.5
Mbokdoum hill,CMNTIPA014,CMN:Cameroon,Centre [Region],2023,Publication year,?
Mbokdoum hill,,CMN:Cameroon,,18/12/2024 10:55,publish,6.7
Mefou Proposed National Park,CMNTIPA005,CMN:Cameroon,Centre [Region],2023,Publication year,11
Mefou Proposed National Park,,CMN:Cameroon,,18/07/2022 09:55,publish,11
Memv'ele Falls,CMNTIPA015,CMN:Cameroon,South [Region],2023,Publication year,30
Mokoko-Onge,CMMTIPA040,CMN:Cameroon,Southwest [Region],2023,Publication year,395
Mokoko-Onge,,CMN:Cameroon,,18/07/2022 14:22,publish,395
Mont Mbankolo,CMNTIPA023,CMN:Cameroon,Centre [Region],2023,Publication year,6.7
Mont Mbankolo,,CMN:Cameroon,,18/07/2022 14:25,publish,1.25
Mount Bamboutos,CMNTIPA021,CMN:Cameroon,West [Region],2023,Publication year,340
Mount Bamboutos,,CMN:Cameroon,,21/07/2022 10:03,publish,340
Mount Elephant,CMNTIPA002,CMN:Cameroon,South [Region],2023,Publication year,23
Mount Eloumden massif,CMNTIPA010,CMN:Cameroon,Centre [Region],2023,Publication year,13
Mount Febé,CMNTIPA013,CMN:Cameroon,Centre [Region],2023,Publication year,1.55
Mount Kala,CMNTIPA009,CMN:Cameroon,Centre [Region],2023,Publication year,10
Mount Kupe,CMNTIPA028,CMN:Cameroon,Southwest [Region],2023,Publication year,146
Mount Kupe,,CMN:Cameroon,,18/07/2022 15:18,publish,146
Mount Minloua,CMNTIPA012,CMN:Cameroon,Centre [Region],2023,Publication year,4.36
Mount Mwanenguba,CMNTIPA033,CMN:Cameroon,Southwest and Littoral [Region],2023,Publication year,88
Mount Mwanenguba,,CMN:Cameroon,,18/07/2022 15:26,publish,119
Mount Ngang-Ha,CMNTIPA044,CMN:Cameroon,Adamawa [Region],2023,Publication year,128
Mount Ngang-Ha,,CMN:Cameroon,,18/07/2022 15:31,publish,128
Mount Nissus,CAM053,CMN:Cameroon,South [Region],2023,Publication year,?
Mount Nlonako,CMNTIPA018,CMN:Cameroon,Littoral [Region],2023,Publication year,661
Mount Nlonako,,CMN:Cameroon,,18/07/2022 16:51,publish,661
Mount Oku and the Kilum-Ijim forests,CMNTIPA037,CMN:Cameroon,Northwest [Region],2023,Publication year,289
Mount Oku and the Kilum-Ijim forests,,CMN:Cameroon,,18/07/2022 16:53,publish,289
Mount Opay,CMNTIPA047,CMN:Cameroon,Far North [Region],2023,Publication year,61.4
Mount Opay,,CMN:Cameroon,,18/07/2022 17:47,publish,60
Mount Tinguelin,CMNTIPA045,CMN:Cameroon,North [Region],2023,Publication year,53
Mount Tinguelin,,CMN:Cameroon,,18/07/2022 17:52,publish,53
Mount Vokré,CMNTIPA046,CMN:Cameroon,North [Region],2023,Publication year,962
Mount Vokré,,CMN:Cameroon,,21/07/2022 10:06,publish,962
MountCameroon National Park,CMNTIPA039,CMN:Cameroon,Southwest [Region],2023,Publication year,581.78
MountCameroon National Park,,CMN:Cameroon,,18/07/2022 14:35,publish,581.78
Mozogo-Gokoro National Park,CMNTIPA050,CMN:Cameroon,Far North [Region],2023,Publication year,17.24
Mozogo-Gokoro National Park,,CMN:Cameroon,,18/07/2022 17:56,publish,17.24
Mungo and Bakossi Forest Reserves,CMNTIPA031,CMN:Cameroon,Southwest [Region],2023,Publication year,104.86
Mungo and Bakossi Forest Reserves,,CMN:Cameroon,,18/07/2022 18:00,publish,104.86
Nachtigal Falls,CAM060,CMN:Cameroon,Centre [Region],2023,Publication year,?
Ngovayang Massif,CMNTIPA001,CMN:Cameroon,South [Region],2023,Publication year,527
Ngovayang Massif,,CMN:Cameroon,,18/07/2022 18:06,publish,1035
Nguti forests,CMNTIPA043,CMN:Cameroon,Southwest [Region],2023,Publication year,1142
Nguti forests,,CMN:Cameroon,,18/07/2022 18:12,publish,1142
Ototomo Forest Reserve,CMNTIPA022,CMN:Cameroon,Centre [Region],2023,Publication year,45
Ototomo Forest Reserve,,CMN:Cameroon,,18/07/2022 18:17,publish,45
Rumpi Hills,CMNTIPA036,CMN:Cameroon,Southwest [Region],2023,Publication year,495
Rumpi Hills,,CMN:Cameroon,,18/07/2022 18:21,publish,932
Takamanda National Park,CMNTIPA051,CMN:Cameroon,Southwest [Region],2023,Publication year,676
Takamanda National Park,,CMN:Cameroon,,18/07/2022 18:26,publish,6759
Tchabal Mbabo,CMNTIPA034,CMN:Cameroon,Adamawa [Region],2023,Publication year,1650
Tello Falls,CMNTIPA019,CMN:Cameroon,Adamawa [Region],2023,Publication year,0.5
Tello Falls,,CMN:Cameroon,,18/07/2022 18:35,publish,0.5
"Tofala Hill Wildlife Sanctuary, Lebialem Highlands",CMNTIPA007,CMN:Cameroon,Southwest [Region],2023,Publication year,81
"Tofala Hill Wildlife sanctuary, Lebialem Highlands",,CMN:Cameroon,,18/07/2022 18:39,publish,15
Arsi Mountains,ETHTIPA018,ETH: Ethiopia,Oromia [Regional State],2024,Final Draft - Team info,
Arsi Mountains,,ETH: Ethiopia,,20/05/2024 12:12,publish,709
Asosa,ETHTIPA001,ETH: Ethiopia,Benishangul Gumuz [Regional State],2021,Final Draft - Team info,
Asosa,,ETH: Ethiopia,,16/12/2021 07:15,publish,629
Bale Mountains,ETHTIPA0019,ETH: Ethiopia,Oromia [Regional State],NOT YET,not finished in datbase,
Bale Mountains,,ETH: Ethiopia,,08/05/2024 10:52,publish,NULL
Bokh,ETHTIPA012,ETH: Ethiopia,Somali [Regional State],2024,Final Draft - Team info,
Bokh,,ETH: Ethiopia,,15/03/2024 12:55,publish,5061
Bonga Forests,ETHTIPA002,ETH: Ethiopia,"Southern Nations, Nationalities, and Peoples' [Regional State]",2021,Final Draft - Team info,
Bonga Forests,,ETH: Ethiopia,,16/12/2021 07:19,publish,311
Chilimo Forest,ETHTIPA003,ETH: Ethiopia,Oromia [Regional State],2021,Final Draft - Team info,
Chilimo Forest,,ETH: Ethiopia,,16/12/2021 07:22,publish,55.5
Choke Mountains,ETHTIPA013,ETH: Ethiopia,Amhara [Regional State],2024,Final Draft - Team info,
Choke Mountains,,ETH: Ethiopia,,26/04/2024 17:39,publish,5578
Entoto Hills,ETHTIPA005,ETH: Ethiopia,Oromia [Regional State],2021,Final Draft - Team info,
Entoto Hills,,ETH: Ethiopia,,16/12/2021 07:25,publish,114
Gerire Hills,ETHTIPA0015,ETH: Ethiopia,Somali [Regional State],2024,Final Draft - Team info,
Gerire Hills,,ETH: Ethiopia,,15/03/2024 13:05,publish,3924.57
Harenna Forest,ETHTIPA0020,ETH: Ethiopia,Oromia [Regional State],NOT YET,not finished in datbase,
Lele Hills,ETHTIPA0014,ETH: Ethiopia,Oromia [Regional State],2024,Final Draft - Team info,
Lower Wabi Shebelle,ETHTIPA010,ETH: Ethiopia,Somali [Regional State],2024,Final Draft - Team info,
Lower Wabi Shebelle,,ETH: Ethiopia,,15/03/2024 12:59,publish,4935
Mega,ETHTIPA017,ETH: Ethiopia,Amhara [Regional State],NOT YET,not finished in datbase,
Menagesha-Suba Forest,ETHTIPA004,ETH: Ethiopia,Oromia [Regional State],2021,Final Draft - Team info,
Menagesha-Suba Forest,,ETH: Ethiopia,,16/12/2021 07:29,publish,35
Mount Karkarha,ETHTIPA007,ETH: Ethiopia,"Southern Nations, Nationalities, and Peoples' [Regional State]",2021,Final Draft - Team info,
Mount Karkarha,,ETH: Ethiopia,,16/12/2021 07:32,publish,138
Shako-Bench Forest,ETHTIPA006,ETH: Ethiopia,"Southern Nations, Nationalities, and Peoples' [Regional State]",2021,Final Draft - Team info,
Shako-Bench Forest,,ETH: Ethiopia,,16/12/2021 07:35,publish,1114
Simen Mountains,ETHTIPA0016,ETH: Ethiopia,Amhara [Regional State],2024,Final Draft - Team info,
Werder,ETHTIPA011,ETH: Ethiopia,Somali [Regional State],2024,Final Draft - Team info,
Wof-Washa Forest,ETHTIPA009,ETH: Ethiopia,Amhara [Regional State],2021,Final Draft - Team info,
Wof-Washa Forest,,ETH: Ethiopia,,16/12/2021 07:39,publish,91.3
Yayu Forest,ETHTIPA008,ETH: Ethiopia,Oromia [Regional State],2024,Final Draft - Team info,
Yayu Forest,,ETH: Ethiopia,,26/04/2024 17:40,publish,1673
Bowal Tankon and Bowal Touppe Mama,,GUI: Guinea,,30/01/2025 12:09,publish,5
Bowal Tankon and Bowal Touppé Mama,GUITIPA001,GUI: Guinea,Dalaba [Prefecture],2019,Publication year,
DiekeClassified Forest,,GUI: Guinea,,26/11/2020 20:57,publish,640
DiékéClassified Forest,GUITIPA002,GUI: Guinea,Yomou [Prefecture],2019,Publication year,
Gbélén Forest,GUITIPA004,GUI: Guinea,Dubreka [Prefecture],2019,Publication year,
Gbelenn Forest,,GUI: Guinea,,26/11/2020 20:59,publish,14.5
GrandesChutesClassified Forest,GUITIPA005,GUI: Guinea,Kindia [Prefecture],2019,Publication year,
GrandesChutesClassified Forest,,GUI: Guinea,,26/11/2020 21:01,publish,160
Kakiwondi Forest Patch,GUITIPA006,GUI: Guinea,Coyah [Prefecture],2019,Publication year,
Kakiwondi Forest Patch,,GUI: Guinea,,27/11/2020 10:39,publish,0.1
Kambadga Falls,GUITIPA007,GUI: Guinea,Pita [Prefecture],2019,Publication year,
Kambadga Falls,,GUI: Guinea,,27/11/2020 10:42,publish,2
Koba sandstone bowal,GUITIPA008,GUI: Guinea,Dalaba [Prefecture],2019,Publication year,
Koba sandstone bowal,,GUI: Guinea,,27/11/2020 10:48,publish,1
Koukoutamba waterfalls,GUITIPA010,GUI: Guinea,Tougué [Prefecture],2019,Publication year,
Koukoutamba waterfalls,,GUI: Guinea,,27/11/2020 10:56,publish,27.5
Kounounkan Massif and Plateau,GUITIPA011,GUI: Guinea,Forecariah [Prefecture],2019,Publication year,
Kounounkan Massif and Plateau,,GUI: Guinea,,27/11/2020 10:59,publish,39.55
Mont BeroClassified Forest,,GUI: Guinea,,27/11/2020 11:11,publish,80
Mont BéroClassified Forest,GUITIPA014,GUI: Guinea,Nzérékoré [Prefecture],2019,Publication year,
Moofanyi Inselbergs,GUITIPA012,GUI: Guinea,Forecariah [Prefecture],2019,Publication year,
Moofanyi Inselbergs,,GUI: Guinea,,27/11/2020 11:13,publish,0.5
Moyen Bafing National Park,GUITIPA013,GUI: Guinea,Dinguiraye [Prefecture],2019,Publication year,
Mt Gangan Sandstone MountainChain,GUITIPA003,GUI: Guinea,Kindia [Prefecture],2019,Publication year,
Mt Gangan Sandstone MountainChain,,GUI: Guinea,,27/11/2020 11:14,publish,633
Mt Konossou,GUITIPA009,GUI: Guinea,Guéckédou [Prefecture],2019,Publication year,
Mt Konossou,,GUI: Guinea,,27/11/2020 11:15,publish,16
Mt Wokou,GUITIPA015,GUI: Guinea,Macenta [Prefecture],2019,Publication year,
Mt Wokou,,GUI: Guinea,,27/11/2020 11:16,publish,2
Nimba Mountains,GUITIPA016,GUI: Guinea,Lola [Prefecture],2019,Publication year,
Nimba Mountains,,GUI: Guinea,,27/11/2020 11:18,publish,149.2
Saala waterfalls,GUITIPA017,GUI: Guinea,Labé [Prefecture],2019,Publication year,
Simbaraya Ferralitic Bowe,GUITIPA019,GUI: Guinea,Kindia [Prefecture],2019,Publication year,
Simbaraya Ferralitic Bowe,,GUI: Guinea,,25/11/2020 10:15,publish,7
Southern Simandou Mountains,GUITIPA018,GUI: Guinea,Beyla [Prefecture],2019,Publication year,
Southern Simandou Mountains,,GUI: Guinea,,27/11/2020 11:32,publish,368
Tassing Plateau,GUITIPA020,GUI: Guinea,Kindia [Prefecture],2019,Publication year,
Tassing Plateau,,GUI: Guinea,,30/11/2020 15:15,publish,0.5
Tonkoyah InselbergComplex,GUITIPA021,GUI: Guinea,Forecariah [Prefecture],2019,Publication year,
Tonkoyah InselbergComplex,,GUI: Guinea,,27/11/2020 11:34,publish,6.12
Ziama Massif,GUITIPA022,GUI: Guinea,Macenta [Prefecture],2019,Publication year,
Ziama Massif,,GUI: Guinea,,25/11/2020 10:18,publish,1161.7
Bazaruto Archipelago,MOZTIPA042,MOZ: Mozambique,Inhambane [Province],2022,Publication year,
Bazaruto Archipelago,,MOZ: Mozambique,,19/07/2022 10:06,publish,190
Bilene-Calanga,MOZTIPA049,MOZ: Mozambique,Gaza [Province],2022,Publication year,
Bilene-Calanga,,MOZ: Mozambique,,19/07/2022 10:09,publish,1366
Bobole,MOZTIPA054,MOZ: Mozambique,Maputo [Province],2022,Publication year,
Bobole,,MOZ: Mozambique,,19/07/2022 10:12,publish,0.23
Catapu,,MOZ: Mozambique,,19/07/2022 10:17,publish,352
Catapú,MOZTIPA033,MOZ: Mozambique,Sofala [Province],2022,Publication year,
Cheringoma Limestone Gorges,MOZTIPA037,MOZ: Mozambique,Sofala [Province],2022,Publication year,
Cheringoma Limestone Gorges,,MOZ: Mozambique,,19/07/2022 10:19,publish,182
Chidenguele,MOZTIPA050,MOZ: Mozambique,Gaza [Province],2022,Publication year,
Chidenguele,,MOZ: Mozambique,,19/07/2022 10:22,publish,60.3
Chimanimani Lowlands,MOZTIPA003A,MOZ: Mozambique,Manica [Province],2022,Publication year,
Chimanimani Lowlands,,MOZ: Mozambique,,19/07/2022 10:24,publish,514
Chimanimani Mountains,MOZTIPA003B,MOZ: Mozambique,Manica [Province],2022,Publication year,
Chimanimani Mountains,,MOZ: Mozambique,,19/07/2022 11:33,publish,319
Eráti,,MOZ: Mozambique,,19/07/2022 11:35,publish,174
Eráti,MOZTIPA008,MOZ: Mozambique,Nampula [Province],2022,Publication year,
Goa and Sena Islands,MOZTIPA010,MOZ: Mozambique,Nampula [Province],2022,Publication year,
Goa and Sena Islands,,MOZ: Mozambique,,19/07/2022 11:37,publish,0.65
Goba,MOZTIPA043,MOZ: Mozambique,Maputo [Province],2022,Publication year,
Goba,,MOZ: Mozambique,,19/07/2022 11:39,publish,217
Gobene,MOZTIPA043,MOZ: Mozambique,Zambézia [Province],2022,Publication year,
Gobene,,MOZ: Mozambique,,23/01/2025 09:38,publish,118
Inhaca Island,MOZTIPA051,MOZ: Mozambique,Maputo [Province],2022,Publication year,
Inhaca Island,,MOZ: Mozambique,,19/07/2022 11:41,publish,132
Inhamitanga Forest,MOZTIPA034,MOZ: Mozambique,Sofala [Province],2022,Publication year,
Inhamitanga Forest,,MOZ: Mozambique,,19/07/2022 11:43,publish,629
Inharrime-Zavora,,MOZ: Mozambique,,19/07/2022 11:45,publish,31.9
Inharrime-Závora,MOZTIPA044,MOZ: Mozambique,Inhambane [Province],2022,Publication year,
Inhassoro-Vilanculos,MOZTIPA053,MOZ: Mozambique,Inhambane [Province],2022,Publication year,
Inhassoro-Vilanculos,,MOZ: Mozambique,,19/07/2022 11:48,publish,953
Licuati Forest,MOZTIPA009,MOZ: Mozambique,Maputo [Province],2022,Publication year,
Licuati Forest,,MOZ: Mozambique,,21/07/2022 09:19,publish,470
Lower Rovuma Escarpment,MOZTIPA023,MOZ: Mozambique,Cabo Delgado [Province],2022,Publication year,
Lower Rovuma Escarpment,,MOZ: Mozambique,,21/07/2022 09:21,publish,1999
Lupangua Peninsula,MOZTIPA026,MOZ: Mozambique,Cabo Delgado [Province],2022,Publication year,
Lupangua Peninsula,,MOZ: Mozambique,,21/07/2022 09:24,publish,57
"Lúrio Waterfalls,Chiúre",MOZTIPA013,MOZ: Mozambique,Cabo Delgado [Province],2022,Publication year,
"Lúrio Waterfalls,Chiúre",,MOZ: Mozambique,,21/07/2022 09:30,publish,6.7
Mapinhane,MOZTIPA056,MOZ: Mozambique,Inhambane [Province],2022,Publication year,
Mapinhane,,MOZ: Mozambique,,21/07/2022 09:32,publish,2070
Matibane Forest,MOZTIPA005,MOZ: Mozambique,Nampula [Province],2022,Publication year,
Matibane Forest,,MOZ: Mozambique,,21/07/2022 09:35,publish,45.4
Moebase,MOZTIPA032,MOZ: Mozambique,Zambézia [Province],2022,Publication year,
Moebase,,MOZ: Mozambique,,21/07/2022 09:37,publish,71
Mogincual,MOZTIPA029,MOZ: Mozambique,Nampula [Province],2022,Publication year,
Mogincual,,MOZ: Mozambique,,21/07/2022 09:39,publish,21
Mount Gorongosa,MOZTIPA002,MOZ: Mozambique,Sofala [Province],2022,Publication year,
Mount Gorongosa,,MOZ: Mozambique,,21/07/2022 09:44,publish,216
Mount Inago and Serra Merripa,MOZTIPA048,MOZ: Mozambique,Nampula [Province],2022,Publication year,
Mount Inago and Serra Merripa,,MOZ: Mozambique,,01/08/2022 06:56,publish,379
Mount Mabu,MOZTIPA012,MOZ: Mozambique,Zambézia [Province],2022,Publication year,
Mount Mabu,,MOZ: Mozambique,,21/07/2022 09:48,publish,75
Mount Massangulo,MOZTIPA039,MOZ: Mozambique,Niassa [Province],2022,Publication year,
Mount Massangulo,,MOZ: Mozambique,,21/07/2022 09:51,publish,11
Mount Morrumbala,MOZTIPA052,MOZ: Mozambique,Zambézia [Province],2022,Publication year,
Mount Morrumbala,,MOZ: Mozambique,,21/07/2022 09:53,publish,135
Mount Muruwere-Bossa,MOZTIPA040,MOZ: Mozambique,Manica [Province],2022,Publication year,
Mount Muruwere-Bossa,,MOZ: Mozambique,,21/07/2022 09:56,publish,65
Mount Nállume,MOZTIPA018,MOZ: Mozambique,Nampula [Province],2022,Publication year,
Mount Nállume,,MOZ: Mozambique,,21/07/2022 09:58,publish,120
Mount Namuli,MOZTIPA004,MOZ: Mozambique,Zambézia [Province],2022,Publication year,
Mount Namuli,,MOZ: Mozambique,,22/07/2022 08:10,publish,146
Mount Yao,MOZTIPA047,MOZ: Mozambique,Niassa [Province],2022,Publication year,
Mount Yao,,MOZ: Mozambique,,22/07/2022 08:11,publish,183
Mount Zembe,MOZTIPA011,MOZ: Mozambique,Manica [Province],2022,Publication year,
Mount Zembe,,MOZ: Mozambique,,22/07/2022 08:21,publish,7.6
MountChiperone,MOZTIPA035,MOZ: Mozambique,Zambézia [Province],2022,Publication year,
MountChiperone,,MOZ: Mozambique,,21/07/2022 09:42,publish,24.2
Muàgámula River,MOZTIPA027,MOZ: Mozambique,Cabo Delgado [Province],2022,Publication year,
Muàgámula River,,MOZ: Mozambique,,22/07/2022 08:24,publish,291
Mueda Plateau and Escarpments,MOZTIPA025,MOZ: Mozambique,Cabo Delgado [Province],2022,Publication year,
Mueda Plateau and Escarpments,,MOZ: Mozambique,,22/07/2022 08:27,publish,2200
Mulimone Forest,MOZTIPA031,MOZ: Mozambique,Nampula [Province],2022,Publication year,
Mulimone Forest,,MOZ: Mozambique,,22/07/2022 08:29,publish,3.24
Namaacha,MOZTIPA006,MOZ: Mozambique,Maputo [Province],2022,Publication year,
Namaacha,,MOZ: Mozambique,,22/07/2022 08:32,publish,854
Njesi Plateau,MOZTIPA019,MOZ: Mozambique,Niassa [Province],2022,Publication year,
Njesi Plateau,,MOZ: Mozambique,,22/07/2022 08:34,publish,167
Panda-Manjacaze,MOZTIPA016,MOZ: Mozambique,Inhambane [Province],2022,Publication year,
Panda-Manjacaze,,MOZ: Mozambique,,22/07/2022 08:38,publish,2599
Pemba,MOZTIPA024,MOZ: Mozambique,Cabo Delgado [Province],2022,Publication year,
Pemba,,MOZ: Mozambique,,22/07/2022 08:40,publish,231
Pomene,MOZTIPA041,MOZ: Mozambique,Inhambane [Province],2022,Publication year,
Pomene,,MOZ: Mozambique,,22/07/2022 08:42,publish,74
Quinga,MOZTIPA030,MOZ: Mozambique,Nampula [Province],2022,Publication year,
Quinga,,MOZ: Mozambique,,22/07/2022 08:44,publish,63
Quirimbas Inselbergs,MOZTIPA022,MOZ: Mozambique,Cabo Delgado [Province],2022,Publication year,
Quirimbas Inselbergs,,MOZ: Mozambique,,22/07/2022 08:47,publish,812
Quirimbas Islands,MOZTIPA028,MOZ: Mozambique,Cabo Delgado [Province],2022,Publication year,
Quirimbas Islands,,MOZ: Mozambique,,22/07/2022 08:49,publish,108
Quiterajo,MOZTIPA021,MOZ: Mozambique,Cabo Delgado [Province],2022,Publication year,
Quiterajo,,MOZ: Mozambique,,22/07/2022 08:52,publish,129
Ribáuè-M’paluwe,MOZTIPA001,MOZ: Mozambique,Nampula [Province],2022,Publication year,
Ribáuè-M’paluwe,,MOZ: Mozambique,,22/07/2022 08:54,publish,221
São Sebastião Peninsula,,MOZ: Mozambique,,22/07/2022 08:56,publish,227
São Sebastião Peninsula,MOZTIPA045,MOZ: Mozambique,Inhambane [Province],2022,Publication year,
Serra Garuzo,MOZTIPA014,MOZ: Mozambique,Manica [Province],2022,Publication year,
Serra Garuzo,,MOZ: Mozambique,,22/07/2022 08:59,publish,51
Serra Mecula and Mbatamila,MOZTIPA046,MOZ: Mozambique,Niassa [Province],2022,Publication year,
Serra Mecula and Mbatamila,,MOZ: Mozambique,,22/07/2022 09:02,publish,626
Serra Mocuta,MOZTIPA015,MOZ: Mozambique,Manica [Province],2022,Publication year,
Serra Mocuta,,MOZ: Mozambique,,22/07/2022 09:04,publish,62
Serra Tumbine,MOZTIPA036,MOZ: Mozambique,Zambézia [Province],2022,Publication year,
Serra Tumbine,,MOZ: Mozambique,,22/07/2022 09:07,publish,13.7
Temane,MOZTIPA055,MOZ: Mozambique,Inhambane [Province],2022,Publication year,
Temane,,MOZ: Mozambique,,22/07/2022 09:09,publish,678
Tsetserra,MOZTIPA007,MOZ: Mozambique,Manica [Province],2022,Publication year,
Tsetserra,,MOZ: Mozambique,,22/07/2022 09:11,publish,77
Txitonga Mountains,MOZTIPA020,MOZ: Mozambique,Niassa [Province],2022,Publication year,
Txitonga Mountains,,MOZ: Mozambique,,01/08/2022 08:01,publish,741
Urema Valley and Sangarassa Forest,MOZTIPA038,MOZ: Mozambique,Sofala [Province],2022,Publication year,
Urema Valley and Sangarassa Forest,,MOZ: Mozambique,,22/07/2022 09:24,publish,1594
Vamizi Island,MOZTIPA017,MOZ: Mozambique,Cabo Delgado [Province],2022,Publication year,
Vamizi Island,,MOZ: Mozambique,,22/07/2022 09:27,publish,15.5
Anggi Lakes,NGUTIPA002,NWG: New Guinea,Papua [Province],,no date in database,
Anggi Lakes,,NWG: New Guinea,,01/02/2024 14:54,publish,67.4
Arfak Mountains,NGUTIPA003,NWG: New Guinea,Papua [Province],,no date in database,
Arfak Mountains,,NWG: New Guinea,,14/12/2023 14:22,publish,NULL
Ayawasi,NGUTIPA004,NWG: New Guinea,Papua [Province],,no date in database,
Ayawasi,,NWG: New Guinea,,14/12/2023 14:22,publish,NULL
Biak-Supiori Island,NGUTIPA001,NWG: New Guinea,Papua [Province],,no date in database,
Biak-Supiori Island,,NWG: New Guinea,,01/02/2024 14:50,publish,2654
Bintuni lowland forest,NGUTIPA007,NWG: New Guinea,Papua [Province],,no date in database,
Teminabuan,NGUTIPA006,NWG: New Guinea,Papua [Province],,no date in database,
Waigeo,NGUTIPA005,NWG: New Guinea,Papua [Province],,no date in database,
Farangbaya Riverine,SIETIPA05,SIE: Sierra Leone,Northern [Province],,no date in database,
Gbenge Hills,SIETIPA12,SIE: Sierra Leone,Northern [Province],NOT YET,not finished in datbase,
Gola Forest,SIETIPA06,SIE: Sierra Leone,Eastern [Province],2024,,
Kambui Hills,SIETIPA02,SIE: Sierra Leone,Southern [Province],2024,,
Kambui Hills,,SIE: Sierra Leone,,24/01/2025 13:27,publish,892
Kasewe Forest,SIETIPA01,SIE: Sierra Leone,Southern [Province],,no date in database,
Kasewe Forest,,SIE: Sierra Leone,,25/08/2024 11:22,publish,75
Kuru Hills,SIETIPA13,SIE: Sierra Leone,Northern [Province],NOT YET,not finished in datbase,
Loma Mountains,SIETIPA03,SIE: Sierra Leone,Northern [Province],,no date in database,
Loma Mountains,,SIE: Sierra Leone,,24/01/2025 13:55,publish,994
Njala,SIETIPA09,SIE: Sierra Leone,Southern [Province],2024,,
Sula Forest,SIETIPA11,SIE: Sierra Leone,Northern [Province],NOT YET,not finished in datbase,
Sula Mountains Grassland,SIETIPA10,SIE: Sierra Leone,Northern [Province],NOT YET,not finished in datbase,
Sulima,SIETIPA05,SIE: Sierra Leone,Southern [Province],2024,,
Tingi Hills,SIETIPA04,SIE: Sierra Leone,Northern [Province],,no date in database,
Tingi Hills,,SIE: Sierra Leone,,24/01/2025 13:45,publish,402
Western Area,SIETIPA07,SIE: Sierra Leone,Western Area [Region],NOT YET,not finished in datbase,
Agoro-AguCentral Forest Reserve,UGATIPA14,UGA: Uganda,Northern [Region],2024,Database ,
Ajai,UGATIPA42,UGA: Uganda,Western [Region],NOT YET,not finished in datbase,
BudongoCentral Forest Reserve,UGATIPA1,UGA: Uganda,Western [Region],,no date in database,
BugomaCentral Forest Reserve,UGATIPA6,UGA: Uganda,Western [Region],,no date in database,
BugomaCentral Forest Reserve,,UGA: Uganda,,14/12/2023 14:21,publish,402.43
Buhweju,UGATIPA39,UGA: Uganda,Western [Region],2024,Database ,
Buwerere,UGATIPA34,UGA: Uganda,Eastern [Region],2024,Database ,
Bwindi Impenetrable National Park,UGATIPA13,UGA: Uganda,Western [Region],2024,Database ,
Bwindi Impenetrable National Park,,UGA: Uganda,,14/12/2023 14:22,publish,331
EchuyaCentral Forest Reserve,UGATIPA10,UGA: Uganda,Western [Region],,no date in database,
Era-Lama,UGATIPA21,UGA: Uganda,Northern [Region],2023,Database ,
ItwaraCentral Forest Reserve,UGATIPA8,UGA: Uganda,Western [Region],,no date in database,
Kachumbala Rock,UGATIPA40,UGA: Uganda,Eastern [Region],2024,Database ,
KalinzuCentral Forest Reserve,UGATIPA9,UGA: Uganda,Western [Region],,no date in database,
Kasyoha-KitomiCentral Forest Reserve,UGATIPA7,UGA: Uganda,Western [Region],,no date in database,
Kibale National Park,UGATIPA11,UGA: Uganda,Western [Region],,no date in database,
Kidepo Valley - Mount Zulia,UGATIPA22,UGA: Uganda,Northern [Region],2024,Database ,
Lake Mburo,UGATIPA32,UGA: Uganda,Western [Region],2023,Database ,
Lake Opeta,UGATIPA29,UGA: Uganda,Eastern [Region],2024,Database ,
Lalak-Lokung,UGATIPA30,UGA: Uganda,Northern [Region],2024,Database ,
Mabamba Bay,UGATIPA27,UGA: Uganda,Central [Region],,no date in database,
MabiraCentral Forest Reserve,UGATIPA36,UGA: Uganda,Central [Region],2024,Database ,
Mgahinga Gorilla National Park,UGATIPA12,UGA: Uganda,Western [Region],,no date in database,
MorungoleCentral Forest Reserve,UGATIPA38,UGA: Uganda,Northern [Region],2024,Database ,
Mount Elgon,UGATIPA20,UGA: Uganda,Eastern [Region],,no date in database,
Mount Kadam,UGATIPA19,UGA: Uganda,Northern [Region],,no date in database,
Mount Kei and Midigo,UGATIPA26,UGA: Uganda,Northern [Region],2024,Database ,
Mount Moroto,UGATIPA15,UGA: Uganda,Northern [Region],,no date in database,
Mount NapakCentral Forest Reserve,UGATPA31,UGA: Uganda,Northern [Region],2023,Database ,
Mpanga Gorge,UGATIPA2,UGA: Uganda,Western [Region],,no date in database,
Mubende-Kyegegwa,UGATIPA28,UGA: Uganda,Western [Region],2025,Database ,
MujuziCentral Forest Reserve,UGATIPA17,UGA: Uganda,Central [Region],,no date in database,
Murchison Falls National Park and Karuma Wildlife Reserve,UGATIPA33,UGA: Uganda,Western [Region],,no date in database,
Nabugabo,UGATIPA24,UGA: Uganda,Central [Region],2025,Database ,
Otzi-Atiya,UGATIPA37,UGA: Uganda,Northern [Region],2024,Database ,
Queen Elizabeth-Maramagambo,UGATIPA25,UGA: Uganda,Western [Region],2024,Database ,
Rwenzori Mountains,UGATIPA18,UGA: Uganda,Western [Region],,no date in database,
Sango Bay,UGATIPA3,UGA: Uganda,Central [Region],2024,Database ,
Semuliki National Park,UGATIPA5,UGA: Uganda,Western [Region],2023,Database ,
Ssese Islands,UGATIPA35,UGA: Uganda,Central [Region],2024,Database ,
Timu,UGATIPA23,UGA: Uganda,Northern [Region],,no date in database,
Toror Hills,UGATIPA42,UGA: Uganda,Northern [Region],2025,Database ,
Tororo Rock,UGATIPA4,UGA: Uganda,Eastern [Region],2024,Database ,
ZokaCentral Forest Reserve,UGATIPA16,UGA: Uganda,Northern [Region],2025,Database ,
